,AN,AN-s,LS,LS-s,MN-U,Cha,Multi,Net,SIM,SIMc,SIMG,SIMln,Tuebingen
1,0.3892605878099521,0.4058309159441517,0.20003951392545471,0.39460081680119,0.10798514078908372,0.06022232047998388,-0.0810077515502099,0.20797575301557147,-0.39061971646289506,-0.3580748645832963,-0.02733401303158453,0.7125403873795211,0.0032098667358777533
2,0.1922091946069664,0.09878835178125156,0.2565705191273424,0.27875625539690735,0.1761858817812575,-0.020870495412089518,-0.059659048001357955,0.12977580321393173,0.0010746163437073686,0.011599891615000635,-0.00015040639437086112,-0.010007289048470813,0.006439205269994308
3,0.3341498678720435,0.4098983565840198,1.2808603951388629,0.1432432507304111,0.24286227344613098,-0.14990844984327556,0.9056426404215812,1.6432422990152549,-0.1099149678671268,0.22359283113459966,0.002839969739815852,0.23598420611146587,0.0382882633900119
4,0.6476721225191251,0.2840672507389391,0.3636095002848687,0.7249720757828277,0.04395763185719015,-0.12485972211556107,0.7047411937268572,0.07022801728562489,0.1623522589884055,0.09382328536731999,0.039827259656373466,1.4477861185758205,-0.10890626517801905
5,0.42731400255640195,0.2946116322588128,0.7546179665520713,0.21795088717913075,0.21503705554486752,-0.1495603666811005,1.0212432321792857,-0.004362774091031696,-0.28791942477667404,-0.07582962836262741,0.01979028921023973,0.1003542796638981,0.15938007741540083
6,0.8042014247381348,0.2155888885432684,0.836722324163256,0.10793040851875624,0.0874852048062218,0.8367367710106155,0.002900007609670463,0.8843147717458165,0.6584113214192442,0.046781486166336705,1.311552311951552,1.2453617532626051,0.11346119637971064
7,1.0772689113091416,0.10160556453162206,0.22510986710938685,0.30862633769252196,0.17197037615584443,0.25530702327144505,-0.07264111560920564,-0.31016945925316675,-0.06971347032578046,0.2022284844733364,0.1336840305666474,-0.014429916174520496,0.15161909982643462
8,0.3209179665961347,0.24515842855267733,1.457190534082886,0.3871711979306986,0.22200399496393042,0.2999704514112074,1.02022399870497,-0.14938807156048095,-0.28586772892892154,-0.2748617502244499,-0.0710217653096481,-0.07873222680729769,0.06976528827216999
9,0.23477862260897298,0.05484685441270154,0.78312525898166,0.7686090913048983,0.06532208965096697,0.24791289444405662,-0.08932683442872283,0.239431223044067,0.04878371773462842,-0.0984319598154122,0.03546737153579693,1.2556962723820428,0.12061984885063781
10,0.9715915829557773,0.12100294211157991,0.9970138470249426,0.23944311621133868,0.10706253961992096,-1.075730463873881,-0.1296052345938281,0.03650182013810142,-0.07230858757490033,-0.10137634068083023,-0.023329456290851924,-0.04088368207402726,0.1090001350040406
11,0.3861850716525317,0.09803019180600914,0.7158643986324498,0.3357855067072325,0.046692443845845255,-0.09383857026031772,-0.0982992824370379,0.07282109643692092,-0.05174772795207899,0.2358403620279672,-0.0010124166987195982,-0.022151171233252942,0.12946995925574978
12,0.262699070072951,0.37178880155934896,0.8244898874858244,0.27378515074797005,0.1500591701500691,0.6910744832757099,0.2814130107078945,0.0744544833279428,-0.013936553135033836,0.14398882127398174,-0.03575905400542456,3.32038366948062e-05,0.10268104526632338
13,0.6259017325304579,0.16261045829801712,0.06852779999339775,0.13770244262299614,0.2684730458516663,-0.03901342168417066,1.0591678719308057,0.006078848305019369,0.5184918358173407,-0.13947504124678373,0.07886276591832586,2.4832654449364018,-0.11421357232110602
14,1.0665405940970127,0.060897215781523295,1.594040485454774,0.570161841585663,0.22917320664931684,0.0763998948366128,-0.12331489347343105,-0.039203836628034505,0.16538810082494937,-0.09407682625058689,0.7410558288088485,0.2561406561156696,-0.09367387921198522
15,0.6323640627151322,0.24056744161149868,0.212811441312723,0.4240406430558845,0.08082266078808575,-0.07182631228415515,-0.07256609458023378,-0.1030801436650294,0.4647399535271631,-0.013305372490288292,0.2960335357029927,0.12533108222946598,-0.06929729789540195
16,0.6167596269597426,0.08298296471508027,0.2800595671287254,0.1299250613718974,0.19879967179106994,-0.964201806988063,0.5872658474419572,0.04475995088252982,-0.5034644772239578,-0.06396027473258059,-0.025811961072890077,0.016035915214000163,-0.11078008417088026
17,0.8897598646146541,0.1019089885068194,0.4215275980305714,0.1646014150012527,0.25537077825484483,0.1589129487289107,0.4668320289091099,0.22390856785054114,0.41747137665419143,-0.13310380064955563,0.21508507803421767,3.003573319257002,0.28850634373643547
18,0.11735328612849594,0.15628197773474573,0.5182150626801011,0.2998313741337111,0.21521012517878302,-0.011685976894587391,0.3449577643809575,0.21862389618720368,-0.24279425408468547,-0.08516500478978917,0.05977940550856087,0.11774009259209273,-0.015088535789881896
19,0.7784149733794982,0.1636179564042003,0.8068819365895639,0.12112777992175261,0.19136359136164005,-0.029582185135155648,-0.0841097610020663,-0.2372141381361057,0.2580248276811181,0.5263338490270724,0.016673130306967265,0.6296679611425966,-0.37122160149311256
20,0.7472114969830771,0.10888023047894368,0.8415382134701788,0.4359480396675106,0.21318512417988356,-0.021225912438459282,1.405317475648782,0.7328467939026766,-0.3869870098866856,-0.3973267552013269,0.34084696101042516,2.8373741080668093,0.25798254728205683
21,0.9173460800041662,0.3226868810784131,0.9345052005895481,0.17044522410346108,0.15514007659034057,-0.3614175917312797,1.8323291322794664,-0.038891092567332586,0.44977397361182647,-0.31891281613802996,0.6588970492724251,0.6757627563761521,0.09949020774470196
22,0.5611215001766433,0.21493055367753006,0.7215053024131041,0.11753798656579428,0.2884542885354021,0.0628600624090106,-0.07009767608989062,0.045828150875941054,-0.04627541618989223,-0.02553058845938594,0.12352756508724272,1.7626963843484835,0.16611557212233552
23,0.701085578752083,0.3385714713595279,1.3723946410031842,0.11365958917286545,0.28201036437098015,-0.0713566754291981,-0.1420695992322416,0.017559747904032252,-0.32047699892964765,-0.016943298260228667,0.18326607235811732,0.07439717130982904,0.06792164000253931
24,0.5518592633302235,0.16409927789435608,1.1696368606699996,0.20298104689956165,0.104189975737492,-0.07720032362001816,0.3048417461222638,0.02225506987398304,0.05077788726980581,0.024574483481882403,0.009889091022255714,-0.03463287388518532,0.08811226063464694
25,1.0409551035430888,0.056124526230981076,0.3126933311861535,0.2844448241994533,0.25013915861604297,0.005263395527310533,0.24087896419277127,0.2457490182930826,0.5298931912591338,0.9874840597859597,0.679009021049572,1.8618743776067432,0.03291727397045108
26,0.48708893301202416,0.23839238762723391,1.0044236309084662,0.2047774880735448,0.14453158682018252,-0.0076092971657863995,0.2820796154601487,-0.01164930692977273,-0.0068713414414828256,-0.035192770619668856,0.007919486576123957,0.09808217762041238,0.03849079503681341
27,0.6230357055880174,0.1941775711078776,0.5493268240731153,0.29078879482489894,0.14670577996547218,-0.2907642363404863,0.2668371290957129,0.6383842874279089,0.1655923701966956,-0.01941512561321046,0.3322382649817601,2.2332156508351386,0.014012012382945471
28,0.2062141128975758,0.1348624417600226,0.47897567499335325,0.18336440397082787,0.04863233853065685,-0.42527375840211223,0.4303952766941277,-0.04763670309784285,-0.021897880153012104,-0.11378401449751918,0.06658238059042698,1.686966129275234,0.057142721780226724
29,0.6529327628560662,0.21324833957404643,0.2466393887599514,0.2789061791436799,0.23197712575723206,-0.2141005190484484,0.28490606985700073,0.11918823286683411,0.4436902984755932,0.08215073453109079,0.011269187943904756,0.15469822724997062,-0.0060251812179650255
30,0.34357386991682604,0.231668502618126,0.6698016573871785,0.40247046816285087,0.18787194665827878,-0.14740842177581182,-0.03498807084490507,0.36236412021463393,0.10653420202414154,-0.0015548306541196544,0.018963786736480692,1.9292891687067377,0.04393153039701647
31,0.914518961056764,0.31829226894670437,0.6140880693281415,0.31565279323840995,0.0785470172260031,0.5540286735559231,-0.0011032488349336234,0.9849235581094495,-0.17295388838665735,0.22129259271776847,0.11501296668193173,-0.005260148814125287,0.028463153072801894
32,0.5092955706940636,0.26411114508284617,0.6983292083233016,0.44668483999653824,0.23649810917162395,0.07718124382623004,0.22729855486005746,0.12339642895931502,-0.05747564761697621,0.005699754306761867,-0.013541458687498342,0.10887991879530423,-0.21828563605672835
33,0.5769336318326655,0.15549247517082054,0.2592497007212672,0.3084552800976987,0.1759085777507533,0.48563007488848176,-0.10401272041806592,0.08940228907587999,0.9827959836656843,0.11873807404829906,1.1779252054948282,2.8124932024594833,-0.056570639124599476
34,0.6411595092065835,0.2566400831763186,0.560707758965719,0.11489055711487106,0.20372604254841103,-0.9356395736232481,0.004398581498565868,2.356214241644804,-0.0054691088124644745,-0.2959170889585162,0.07217214604929174,-0.04062540892458966,-0.037437202840872486
35,0.9818815859593292,0.22165706140346503,0.5810110554956437,0.21114074913927616,0.28399177870903014,-0.0764000725363041,0.9980815895818601,0.2663465173347801,-0.052359148672035616,0.36094871695105113,0.0036778836191528885,0.03078305447446983,-0.08169422573736962
36,0.9038042190234395,0.15637086729319882,0.15041786117522027,0.8389507313784161,0.18113297510808757,-0.06653034713003314,0.28294020354625793,-0.36614594202333384,0.10206020007146221,-0.0690591922459246,0.5292754843479774,0.6554583356616814,-0.046496378769237845
37,0.2884688240774403,0.29198121789890147,0.4618390158807991,0.2396848186839771,0.1187382481078546,-1.088592297653,-0.014831839275929681,-0.09740738295259754,0.5888216053619034,0.2793903093354206,0.6867115881222351,1.1607566264355478,0.037731406957086655
38,0.2074754084809013,0.11694994860674324,0.9035269395399317,0.20260200593604455,0.07019917093314543,-0.38515143173201893,0.9209343030290728,-0.003973320906659916,0.34657643526717463,0.06430513490644385,0.6419478120885204,1.873883791548252,0.0204023140137084
39,0.5394666701023823,0.08747473745104206,0.9325532005486141,0.2247546101454333,0.2041533023686558,-0.3119258057955201,0.47982760307442907,0.5251174865645261,0.1238195733688855,0.0864669986598785,0.013998008200163892,-0.03886522374480261,0.005569989864401936
40,0.2684171362601625,0.23554235458489248,0.11107133855744844,0.31082866460453457,0.2370438553697909,-0.21991614047534003,0.6382540061721256,0.14666666704875875,0.04247538034578027,0.05457466495446091,0.015197018317901032,-0.003346054796304454,-0.031357063779949845
41,0.5626749932554671,0.31116903359227444,0.34445873583043907,0.5367497990666095,0.10847674624140591,-0.013820915386789423,0.48410873533641585,1.3398724860473852,-0.7088474320096882,-0.09987027901998635,-0.01909480705139921,-0.13438854964682623,-0.029627791036144657
42,0.6121055509812753,0.20291563600599877,0.6965874010712612,0.17739940980149038,0.22764735535153413,0.5614622650503325,0.33617583634834913,0.05614027803836119,-0.17999206832915998,0.10377804716310995,0.0026281669015839337,-0.06027248456295897,0.37443699941897735
43,0.5534888920538736,0.2612982749305591,0.9904452690289043,0.3677623029476195,0.08151384555431118,0.4516257064129724,0.9095368111844632,-0.0014915638400737619,1.0606112009763742,-0.05773326216888555,0.970693876785245,0.7158928196735477,-0.01464125745423872
44,0.5338442103694221,0.3493335586999713,1.005522330656903,0.6450835114050644,0.22404459939282617,-0.021226735025094534,0.31469191126714346,0.0330171388887992,0.32961978016941146,-0.09642271054353768,0.5814145973550977,2.2797491910958696,0.03236945563509264
45,0.620612340243852,0.41991653193182094,0.3569006055757613,0.2598407259561337,0.17509547362693456,-0.1182560310599956,-0.07318838152666385,3.0427030321218655,0.09133949636575467,0.376770166288795,0.717490007540221,0.14442497743927607,-0.05677562007781212
46,0.7736749335180703,0.17794138222047207,0.9717621573855697,0.10446903944757102,0.24617137051783822,-1.709530570351561,1.0189856986092818,0.07423181106617727,-0.22861969787901598,0.24641232936837693,0.17924790377032462,0.24661586387200174,-0.004295490473785524
47,0.5442212027656426,0.08835584904634286,0.6729241742774088,0.17993931371798733,0.16495760201111587,-0.12002163191173665,1.029292421293178,0.02505481691199407,-0.2411560691142256,-0.06786664818500432,-0.14410267953271105,0.17854831460405007,
48,0.4577789632776154,0.13881617448352246,0.4387915458319404,0.5266349510287793,0.08341402827692379,0.14735532820870123,-0.08061689812966977,0.0020022210917112204,0.16831942578405923,0.9113352259403837,0.08742051283245122,0.6238266837272395,0.06324425954733326
49,0.5621133565943632,0.08894554342044048,0.6333212955486632,0.5022442426053116,0.1980271075955703,-0.16364754580138974,1.429108081687241,0.07580848395636441,-0.05780333999956233,-0.11414300172394044,-0.0647797075318961,0.017243829788290643,0.022954137637186567
50,0.7883591283000739,0.1205824508934093,0.614764829475492,0.5521531553328551,0.1672855774727965,-0.02815610403665514,-0.129827229543104,0.28954511723305865,-0.3394446662217555,0.018872613771473756,-0.024273795523253927,0.09024557780361886,0.003247301766070465
51,0.6827666254537978,0.08710193693361934,0.5206089870500488,0.3590742829440763,0.10772368782861497,-0.4400051599236269,1.363316322988449,0.17398122345601796,-0.23803421061934465,-0.07564016883043984,0.5452746557344896,0.4849338046777907,0.03959712539874305
52,0.5276204666875792,0.18373233782861242,0.657030463279197,0.3870469724998136,0.2208561950883462,0.18509181030243416,0.009980753554354238,-0.07651289376118353,-0.2218777923838566,-0.02557426286175052,0.022377123280097007,0.08656193602944162,
53,0.7900503169832478,0.09457442330024368,0.12869741296930792,0.25076424544051956,0.11393145494325763,0.878974980824396,-0.02440458133414758,0.09051832277955185,0.15511526846207596,0.701562940084991,0.5704250062560445,0.8819078356493781,
54,1.0672226215463518,0.10192428715918478,0.19976400502350766,0.7508599768979857,0.13020925883313295,0.014257051901304885,0.3947041960428748,0.04523843656193893,0.03507893775292392,-0.43877866591105363,0.05443430201975796,0.8136726345158779,
55,1.1196430244069409,0.4732216819071824,0.17366412174077106,0.3303289021568963,0.16290051021024887,-0.042794156866665545,-0.016865492207610466,-0.08737663398626183,0.15130449406268864,0.024244639393018685,0.2218627534439983,1.3649130288898128,
56,0.36962843820729274,0.2494034651082353,0.5536042605315576,0.1598415119660468,0.22192814507821496,0.33075646257293745,0.4068021725750969,0.19283440797662832,0.08518669299922477,0.45900519494134284,0.04688782828251936,0.15622556152218392,0.17007585401283887
57,0.2988458815294369,0.09333839016181666,0.24218864913679172,0.10975448171730873,0.12472251177920046,-0.4052261399452177,0.7422897499363427,0.38956566939941534,-0.05860196994970346,-0.042032383131744844,0.04040488753648025,0.8072398070751597,-0.007272357313941713
58,0.17301036618932453,0.07226695575437414,0.6905042876241418,0.2687936359886229,0.2230103374923218,0.2064224717618477,0.2913675791104666,-0.07439106883245372,0.559891229241223,0.8742816470949386,0.49455639618665165,1.2187431693779869,0.09758534104483729
59,0.5723160282821551,0.19627573376043195,0.45656751961854214,0.15929667744741938,0.13050906155960273,0.681592248720575,0.1804321794084367,0.12237967111355785,-0.0751333877338281,-0.1448912480746536,-0.016302409529819484,-0.004664767260432523,0.09919505071562629
60,0.29757713790454643,0.18702654194515256,0.12955238456902296,0.2665793441520151,0.2304294854154716,-0.15609132967910777,0.9855926640885844,0.3559261684999133,0.17755877716713342,0.12667941114502249,0.2819600389187676,2.19347076902311,0.06933582010693873
61,0.5718904664455347,0.22848575918642666,0.25716814820825107,0.24657747384944861,0.12442305840104895,-0.016999010942243098,0.36166460423161995,-0.002619922722899126,-0.0766633835061567,-0.1359921724395074,-0.06390456035511283,0.013845884387869933,0.012375794140764729
62,0.5976869396969116,0.07815819851339667,0.8404723506427968,0.5134519945898723,0.16655902858264116,-0.3593370591852492,0.5665026269218328,3.17072024508507,-0.2181587193828603,-0.26774535124718435,-0.26280401025558997,1.695530195805441,0.11221670672569406
63,0.38104779887789253,0.22878651616150125,1.120531677641718,0.8953396672836741,0.15661313513704855,-0.2429050074308959,-0.11381411812049547,2.6538079120482756,0.08144499952842232,0.16824667063918347,0.011060049521905091,1.2894387950423978,0.017775784354116864
64,0.9195776078641928,0.13303283067535843,1.458702917585586,0.19985415435378528,0.07905434117564214,-0.3651433798214287,-0.014515728669647343,-0.08987156082405484,-0.05983148133650862,-0.11219344455634395,0.007053247268987484,0.05579399172940991,-0.17047310227166945
65,0.8070498964419341,0.05366465890715422,1.1081395018867044,0.19145849028083362,0.037357795245239966,0.07316248091014799,0.1379623796789028,0.24300417855152856,-0.0930477487762919,0.029311941761814397,0.27499713418982324,-0.49113399444732675,0.011263280723804892
66,0.7967862755930524,0.2647702806636056,0.463062010075053,0.15110184986632702,0.09237237506549512,0.4026449541668625,-0.131744365587537,-1.000288488312461,-0.18123454532694833,0.6538673790581031,0.000203168482802496,0.11824409004156466,-0.019844846796644333
67,1.0432363153372417,0.24987967155518032,0.6355153449137417,0.42852304887063364,0.23448178878212278,3.5399728842090004,0.9448217681410329,0.02165124817514641,0.0798903552408411,-0.03640957257536692,0.3368471164840521,1.6416089018508098,0.009768843845725517
68,0.6239218948640458,0.22673589803988142,0.9046203948316661,0.2561644378832675,0.14178285517864098,0.031209855399998432,-0.00887400894026058,0.2277770455436441,0.30930290762781526,-0.10098459811324878,0.09927331848093206,0.5459093782935975,1.8637085991333775
69,0.7640415844881997,0.1658785318770773,0.9416675628130983,0.24215731267820928,0.057215084655943604,0.06462473174983852,-0.05011464186844217,0.07674701113331306,0.016492892134627984,-0.10714698152965851,-0.06288629622409458,1.9649736812051,0.06993163226626797
70,0.5224892024646726,0.2581450383819457,1.130045864009115,0.36714035181915655,0.20052471447567422,-0.2743289749385057,0.26035134897656786,0.019748174765976234,-0.05577817668900009,-0.08449168889719794,0.0023844896571229013,0.08471800309069577,
71,0.8509655747010119,0.273691339876169,0.7843803479657414,0.15803018799419977,0.24124171449137605,-0.8122555047809114,1.0782332206769312,0.6175709136460545,0.005363347618430853,0.03720040661925761,0.0388808280279494,0.37264287029089727,
72,0.5320211698489986,0.10089013009226266,1.1156936654763823,0.5155898981620842,0.1888963928163836,-0.4423029820567105,0.5217315981048326,0.0031388717385449905,0.2420582311466208,-0.08747322469691854,0.12735471460238987,0.38505875970910464,-0.03647201628098462
73,1.003750507485496,0.4177031987136639,0.44026178483858547,0.5396182360969236,0.16527615353029268,0.023333995682786823,0.3665092655808726,0.1037720659287974,0.15609660122610425,-0.08502150574794498,0.012864366803413595,0.6282624675815829,-0.3113137714627379
74,0.31445504692182125,0.1194950776400946,0.9973338788594506,0.21317834229828184,0.1439381266140336,-0.007473254847958799,0.0640209223118213,-0.01943915344438385,0.11878665705192215,0.7681603052031172,0.2323127664208503,0.659937412684614,-0.6452424664065513
75,0.7400932954016098,0.3567724987581876,0.9828620512181909,0.25534322867822123,0.197288096315146,0.12547377808672633,0.07734443744173491,0.13801984550641677,-0.0427196595195134,-0.10960398622833997,-0.04826290107424991,-0.06930315581566648,-0.2239260939703326
76,0.26733172750875994,0.16223283733315497,0.15407141762024623,0.3629492864595747,0.21754806928806625,-0.14932090321228508,0.3703098090670627,0.8120912540568478,-0.01426506321909815,-0.09141564802980928,1.0187739002746201,0.01956467630755654,-0.07278261229717392
77,0.6665966896022953,0.2645906303751949,0.8760672561978489,0.23816343339023727,0.07456110081094636,0.6098151818427241,0.3361339319341833,0.31035383786613235,-0.11792206491246837,-0.007145656550308965,0.19502955124051224,-0.04308688819805351,-0.06697403172326033
78,0.6692658916223218,0.30490520119186526,0.38220412288158734,0.18981613417944393,0.17362735148583675,0.024247399705650707,0.10311009383921321,-0.10517652616924267,1.3070494153898973,-0.21447638538696717,0.05939354822773035,0.1065907778253492,0.10236193870039867
79,0.7968767824463033,0.057347434611685344,0.3291630734139114,0.5330271421663587,0.09161867971934501,-0.02093026613637683,0.7669168530099961,-0.05025145283146165,0.2207775173378228,0.07771351901951795,0.255421299255445,1.3493246842536875,-0.07677728216949198
80,0.45230446106117583,0.10831308347832735,0.9565085530936273,0.137643965617415,0.06837554347080532,0.37353262998901704,2.295020624883045,0.056149573021029964,0.6601897661623236,-0.07725599445615358,0.7061312176736714,2.2559214075852405,-0.04464971537523443
81,0.8287716015440529,0.12609505910090069,0.43340807067550985,0.4990965323481105,0.035014214446384084,0.20621800131364754,0.003100496240261985,-0.0947086361060977,-0.10877590425645955,0.0802678997999916,0.06770261164363545,-0.06961105129123757,-0.0033646037056541678
82,0.6715292247550526,0.04576112586708775,1.035986732348636,0.4391736307167372,0.12967047289344458,0.07113319784829397,-0.01942506665988364,-0.003055656265142037,0.019578511857229586,0.2513059269739868,0.20188064989045196,1.6615114768009398,0.16745068453135514
83,0.38351713304839874,0.27465281226288807,0.5361764733511061,0.21286225778537915,0.2562530155733854,-0.03129955845874788,0.6887901256884683,-0.0930885896493957,0.028941647595644437,0.148838293183974,-0.22878971709655826,0.17273292679707986,0.2717068560942228
84,0.8645601467668731,0.19319068534522843,0.6798993336863163,0.5763078173012846,0.10802196679742948,-0.2278975234378715,0.3309220232735074,0.007832112827591997,-0.08343607891787054,0.19453606163190068,0.20037917380130454,-0.04966220582396019,-0.009179067442766642
85,0.32042696319064823,0.3210419316610535,1.0134030513195944,0.28466441828327693,0.14390712118578952,-0.04164003708399333,1.48449512731729,0.015409080959196464,0.10639069148161662,-0.059589830665814914,-0.0027695926358428657,0.0539033308967789,0.046584883283212974
86,0.3967922718118763,0.2549119541953282,0.46607473853827464,0.16383047430576214,0.06759464127861259,-0.012252799083869226,0.010934101361373905,0.08146162316258032,0.06599832575040848,0.03465357972605232,0.07694591207721838,0.5137282338978224,-0.10049928979727707
87,0.48994717380396724,0.19718896256272928,1.6286857297233244,0.34376066998039856,0.10457011253867532,3.59931845013048,0.6310091560468826,0.09822036443661486,-0.2375063462898353,0.048431671736116844,0.1825705306616212,0.37291756192603676,0.4263521635356846
88,0.7176089531919998,0.47679324786120786,1.126172655083645,0.6264919067623193,0.26037644011148786,0.4315755128657697,0.2012993762982845,0.5806108987727434,-0.009088660965632767,1.1573417694561259,0.2765153970370553,0.021850348360971772,0.03813302121880979
89,0.5492571945325126,0.3383867200330255,0.3674042713780388,0.2044356612980322,0.21821413124839317,3.9193546286554297,0.2789940299929093,0.048674755910648404,0.011672516918046286,0.1959436635888692,0.6254451100216389,0.06274125241371653,-0.00443856435731016
90,0.6882396308004886,0.1511557389626378,0.5235207590402768,0.28486587462203883,0.1271576399772728,-0.37799540351518135,-0.004771714046895026,-0.14002957607888053,-0.086559265093897,0.21669604714095725,-0.0001984442570817091,0.06113243752573916,-0.0707634961783401
91,0.674145863190178,0.22364656496962987,0.584282020671306,0.6345425693807951,0.25856044775048015,0.15813031473136452,0.010574217346839054,0.26165475142950556,-0.20218239331378102,-0.0003512932741635555,0.023559479127665234,0.03556265366790301,-0.23445830389499295
92,0.6140328667932314,0.1280400902551042,1.2119487744218267,0.2826930158634433,0.25753921101260924,0.22856562788122026,-0.1471918746724301,0.24243338437967532,-0.06645260781693348,0.38379550080976266,0.003369188617931493,-0.010132786035872865,-0.2983451677531315
93,0.4544960599973471,0.22811027154470154,0.3609033970634995,0.6746867805276595,0.11918109572911217,0.3459516160253996,0.004587757788161118,0.18336071819313873,0.3458680372005987,-0.029814803542461243,0.4342536952279817,1.9593357957347832,0.18099109642216943
94,0.48376587482160605,0.25877240652964406,1.3706090071096324,0.3320781156370187,0.25237176132229766,0.30514682162109963,0.06195883458659612,0.17094041979996222,-0.1456046473813588,0.1233628259194321,0.0017790745752621628,-0.057818293942046184,-0.0016303877476120388
95,0.4338937857520357,0.12187235078978076,0.42513929188884236,0.13811252742146285,0.2489387220926773,-1.5975576611596416,0.7384216869695746,0.4482671547112144,-0.5368403433519463,0.002025810843498732,-0.13585054603612196,0.030484325193574247,0.03974108786437758
96,0.8482540827167467,0.23202229790548695,1.0813988895723599,0.3286903446395346,0.02883250616449473,-3.169464227762165,1.2522661745995132,0.006193579771152091,-0.15053840489868642,-0.32735159324639096,0.02045853087044347,1.998570465904225,-0.04463651944207503
97,0.6746620042204543,0.20744567527139934,0.4550735613770794,0.17300302198577333,0.18627556586352068,-0.11475873698842598,0.0029752476354438784,0.1937319086680962,-0.19591766101557773,-0.05443955824604629,-0.02524017536634493,0.0037484354541050813,-0.06445670901939127
98,0.6158114988508916,0.1311525796130698,0.08790662926430093,0.29202942220407346,0.23265527562359023,-0.09945673406281519,-0.026563172376257826,0.5152870577365856,-0.14665816427886574,0.03619904999979218,0.030656475464048705,0.2529833700879167,0.08111299832909827
99,0.7160185029704029,0.18061760124536708,0.36557047335675397,0.45905941332482303,0.10488349972275912,-0.04286537812158264,0.5452934809977085,0.035003336799493245,0.09116101670184051,0.08492383201482884,0.0377765033658401,0.39578842624804333,0.004494892861275135
100,0.632733456335028,0.015420732452615438,0.7082747631233903,0.3559171152311973,0.18872306074254108,0.2232361381022524,0.18712940739781847,0.04747856640023318,-0.03316466537622398,0.11390427913547285,0.018662515429270332,0.0073169632610399216,0.08239733769994273
101,,,,,,-0.46080249681366725,0.0430391695786605,0.21635741088431737,,,,,-0.29376935561866535
102,,,,,,0.5221230383691096,0.9665539243598531,0.018400207252088574,,,,,0.19477328779025516
103,,,,,,0.14455400359245862,0.13085619646492275,0.1434848703217586,,,,,-0.048802812524477046
104,,,,,,0.8070895126551969,-0.014888920539986472,0.27563177806226463,,,,,-0.06585074416465764
105,,,,,,-0.1529014184081654,-0.07266982066525429,0.7225662913297126,,,,,
106,,,,,,-0.08769345396688544,0.6792728758872054,0.08191337484531558,,,,,0.498802037568829
107,,,,,,-0.039260066404249505,0.045536953831592716,0.03098285503363518,,,,,
108,,,,,,-1.5945050519017026,0.2949188411386331,0.08144499035855324,,,,,-0.010345952901042246
109,,,,,,0.089717585175628,-0.07586233727893266,-0.14586663929318386,,,,,
110,,,,,,-0.04873761850241087,1.2425893823126533,0.2359325998089169,,,,,
111,,,,,,0.6005183101976479,0.7976197520606716,-0.1850575276841051,,,,,
112,,,,,,0.21675597345188835,0.44535071579010277,0.01173033836034873,,,,,
113,,,,,,0.02148782550152828,0.3761522627226912,0.1117177607392783,,,,,
114,,,,,,-0.007761770134104062,0.640945212453123,0.263952238209207,,,,,
115,,,,,,-0.18882190411622668,0.07594549924737015,0.33790683158553836,,,,,
116,,,,,,-0.014932067598027565,0.21517959950510324,0.02939131612995563,,,,,
117,,,,,,-0.4784569441701151,-0.08716149807837836,0.9276361054586928,,,,,
118,,,,,,0.20332335487212838,0.17058502574814527,0.5859955761720163,,,,,
119,,,,,,-0.031049835000232617,-0.049216647608940456,0.052100269971456115,,,,,
120,,,,,,0.39822643883066555,-0.024508066651601323,2.775951225784704,,,,,
121,,,,,,-0.12695759381072458,0.4847849932163583,0.1630172588658887,,,,,
122,,,,,,-0.46942323219431437,0.5816363315240455,0.17559670182339598,,,,,
123,,,,,,-0.05209512963757579,0.6595997287009544,0.02250588464937986,,,,,
124,,,,,,-0.07720733360763443,-0.08194719368406755,0.13540072514464474,,,,,
125,,,,,,-0.07078049216690374,0.3003211484352697,0.007280693925293291,,,,,
126,,,,,,-0.3236093679561547,0.8523944255126268,0.10142882760883531,,,,,
127,,,,,,-0.1302935977474209,0.43604732625238296,0.1427387025832929,,,,,
128,,,,,,0.18614877120845008,-0.013929909126908058,0.25271380985944303,,,,,
129,,,,,,-0.4861557256423749,0.19977042200449702,-0.07599810647555338,,,,,
130,,,,,,-0.0756835354065265,-0.13621218083143216,-0.26012123241640944,,,,,
131,,,,,,0.04782581583537837,0.7530110787390677,0.20874017099418463,,,,,
132,,,,,,0.29295694456569643,-0.034594057423174895,-0.6101166299235814,,,,,
133,,,,,,-0.25699063418930146,-0.12158035647629295,-0.1482848202706657,,,,,
134,,,,,,-0.04962833743133377,0.12771781221160694,0.007492997385391553,,,,,
135,,,,,,0.5891395630307292,-0.05148745149024325,0.07147482799177679,,,,,
136,,,,,,-0.3595936517028777,0.16788644057753566,1.7579260603654607,,,,,
137,,,,,,0.06159158105338114,0.8580435909588852,0.20108247842012378,,,,,
138,,,,,,-0.16518420740683826,1.5001585758254339,0.022318579013832107,,,,,
139,,,,,,-0.16562500594518453,0.18429608800605585,0.09310490859218445,,,,,
140,,,,,,-0.20325132039096028,-0.03462907115878955,-0.16176220702699462,,,,,
141,,,,,,-0.04873033696809159,0.00521702465043461,0.5026545028850244,,,,,
142,,,,,,0.05851518668104749,0.08903633454819812,-0.0018107909129023714,,,,,
143,,,,,,-0.3191302929278699,0.02580959061129235,0.27690191877570325,,,,,
144,,,,,,0.018041040109249562,0.31203496010476983,0.07798431911228798,,,,,
145,,,,,,-0.5032065193288362,-0.024940565988975094,0.0038278065388837046,,,,,
146,,,,,,0.2889899944286558,0.007000574898013312,0.020818066633035093,,,,,
147,,,,,,0.20309847544342485,0.640420901168682,0.00029818861276265096,,,,,
148,,,,,,0.5305419067707879,0.04578842924438531,0.06531690584533756,,,,,
149,,,,,,0.0844686872507261,0.2126555701185503,0.11131265224220743,,,,,
150,,,,,,0.09644399519356317,0.638262630097078,-0.0230181110191805,,,,,
151,,,,,,-0.10648749688132564,0.004501905854158328,0.04006864823207901,,,,,
152,,,,,,-0.08732696662717787,0.5225934818887017,-0.043271819753022966,,,,,
153,,,,,,1.5626769716830373,-0.052517967017540634,1.9790649661572828,,,,,
154,,,,,,0.5218023561548427,0.5893261335144242,0.0780039878855382,,,,,
155,,,,,,0.26686120608560815,-0.05630489467288441,1.3953861416109032,,,,,
156,,,,,,0.4463826350774202,0.4378063163245517,0.034116998777187324,,,,,
157,,,,,,-0.1414626398270289,0.14255006692875716,0.0030571948621844758,,,,,
158,,,,,,0.19899551622775935,0.36801806215598,-0.0038863225855731987,,,,,
159,,,,,,-0.3390666238975846,0.8855269232399654,-0.0020841568438154656,,,,,
160,,,,,,1.2448917962661605,-0.03943912674332828,0.42546103044474504,,,,,
161,,,,,,5.273401910652757,0.2878564393616364,0.30299090759442027,,,,,
162,,,,,,-0.07019076560628301,-0.12002947685162846,0.510838796562026,,,,,
163,,,,,,-0.5715719507882455,-0.014188420136575841,0.002595986975276854,,,,,
164,,,,,,-0.2906699058656282,0.6525200595730041,-0.13144485244768533,,,,,
165,,,,,,-0.05045388522949745,1.765774429164209,0.01628578726946328,,,,,
166,,,,,,-0.8591580890503561,-0.07219510857606853,0.2645465964186967,,,,,
167,,,,,,-0.08345820291388861,-0.1191808091503625,-0.12966479713638623,,,,,
168,,,,,,-0.016234271861330335,1.0571540541871105,0.06420128015361208,,,,,
169,,,,,,-0.08004423731172561,1.155305937649255,-0.1233278834162036,,,,,
170,,,,,,0.0003011210046319768,0.22944577297615543,-0.016703897791390032,,,,,
171,,,,,,-0.7180559485518969,0.32670438998314666,0.6158783508903232,,,,,
172,,,,,,-0.46312672890089057,-0.017905794039923872,0.13179068362769175,,,,,
173,,,,,,0.09708568716611254,-0.011481778790133235,0.2734999297017624,,,,,
174,,,,,,0.11784012011481748,-0.03491548303678038,0.16937320838601977,,,,,
175,,,,,,0.13079308536767975,0.28339150975918803,0.37025027293210205,,,,,
176,,,,,,-0.0424310136439815,0.34124881017867503,1.3509505392343033,,,,,
177,,,,,,0.5303909777847503,0.29382295392928925,0.05974127310762212,,,,,
178,,,,,,0.002626986577566881,2.045151734799025,0.05532756672160899,,,,,
179,,,,,,0.390185398207463,0.8117856454464327,0.36244603039076984,,,,,
180,,,,,,-1.3668154359749187,0.06730763229917743,0.09121232758744602,,,,,
181,,,,,,-0.012383061808144413,-0.03264644612190293,0.0023965791384766844,,,,,
182,,,,,,-0.00826141993716023,-0.04643569080402732,0.18917498512889486,,,,,
183,,,,,,-0.012592436530241446,0.8365896221490736,0.6612749391937481,,,,,
184,,,,,,0.6155530386229869,0.9023261467599792,-0.018866896863999227,,,,,
185,,,,,,0.013118413864008804,-0.0009115438103514811,0.2624000482978109,,,,,
186,,,,,,-0.3347380361096768,-0.11111636682165194,0.1354887787980491,,,,,
187,,,,,,-0.06771051844777687,0.690111883516759,0.1942977254620104,,,,,
188,,,,,,0.018372327514299958,-0.0842705593263453,0.02675785179540613,,,,,
189,,,,,,0.29675454345756413,0.7498267954640463,0.07445833740037933,,,,,
190,,,,,,-0.054104991923780266,1.075107958614242,0.2760120745661663,,,,,
191,,,,,,-0.2031704456865685,0.29251604793375036,0.05106527406802658,,,,,
192,,,,,,-0.04297406061656239,-0.11556246063303433,0.4121770943277284,,,,,
193,,,,,,0.11052950848983978,0.6737043284610107,0.2912907807146685,,,,,
194,,,,,,0.05350800953837248,-0.013294932977585328,0.18844664397968802,,,,,
195,,,,,,-0.015447478984079055,0.1642687481127671,0.042286870752829,,,,,
196,,,,,,-0.5093596331885003,0.2801508674132529,1.7602237977232384,,,,,
197,,,,,,0.010035035897351996,0.25182091238112214,0.23625785631911467,,,,,
198,,,,,,0.008292383241388243,0.09084249463229899,-0.02793528908508769,,,,,
199,,,,,,-1.1565956807872257,0.33589247918509124,0.011743937771566237,,,,,
200,,,,,,0.27583890215814955,-0.002489280591184695,0.022978970352452444,,,,,
201,,,,,,0.9701938726288724,0.20553281244588106,0.04051989147338109,,,,,
202,,,,,,-0.18754871576198484,-0.0795776606174301,-0.08941042226556717,,,,,
203,,,,,,0.21863410621808732,0.5043985484743485,0.010713641156820719,,,,,
204,,,,,,0.3624042195556575,0.3340404909403988,-0.27156246476762574,,,,,
205,,,,,,-0.8782520180728908,0.18538565116746153,0.40748035086339385,,,,,
206,,,,,,-0.03936437262341075,1.0890375317069987,0.020546520964838,,,,,
207,,,,,,-0.035400851492519925,-0.04167702651813701,0.5142185395578772,,,,,
208,,,,,,0.5690585055463302,-0.04968876236289921,-0.08851818806366041,,,,,
209,,,,,,-0.08206517193668927,0.12479144651625296,0.09227664150613557,,,,,
210,,,,,,0.09211105509310247,0.4383634132088615,0.07452741083779202,,,,,
211,,,,,,-0.0723202295721036,1.2346142264486524,0.07149742849855611,,,,,
212,,,,,,-0.8931634273592132,-0.02532202390791216,-0.08320306262640648,,,,,
213,,,,,,0.0009710509900526798,0.010311086593219443,0.07212055881866233,,,,,
214,,,,,,-0.5229240459996726,-0.1181945043343895,0.011347118959467689,,,,,
215,,,,,,-0.07263764265149475,1.4666782452623641,0.028964108723742887,,,,,
216,,,,,,0.21760901760704632,0.6672786250509583,0.12084784959733397,,,,,
217,,,,,,-0.12808077932445872,0.8143396621397119,0.1502447198048379,,,,,
218,,,,,,0.3952013372017451,0.0987105089972109,0.03909342450490072,,,,,
219,,,,,,-1.1864004927198097,-0.00749715814483809,3.115213762882845,,,,,
220,,,,,,-0.05291287914935583,-0.10087318747733187,0.0014289095677374464,,,,,
221,,,,,,-0.8895205128232406,0.2914219384392607,0.04676944412523887,,,,,
222,,,,,,0.10986206713117652,0.06897431287760769,0.0604897137314826,,,,,
223,,,,,,-0.2193278267267642,1.1245153416164382,0.08114769840877095,,,,,
224,,,,,,-0.01789633060460183,-0.13887534118251477,-0.009285171720109009,,,,,
225,,,,,,0.09219737859828969,0.9602572058641945,2.0511193333285385,,,,,
226,,,,,,0.11944328687563799,0.1080705074261924,-0.10152327312696308,,,,,
227,,,,,,-4.972915115109e-05,1.024263535734198,0.7132041484497857,,,,,
228,,,,,,-0.029186235391749027,0.8357251563830591,0.030651749691532726,,,,,
229,,,,,,0.03288156158232658,-0.00927708238940439,0.2825173705962003,,,,,
230,,,,,,-0.2390197355335817,-0.0622001503144709,0.1855145596431898,,,,,
231,,,,,,1.3989570476146758,0.8423327428515306,0.08226750345854161,,,,,
232,,,,,,0.061488967940578565,0.34704691071025606,0.046924728575116204,,,,,
233,,,,,,1.6317274836444904,0.3986335123085959,0.06541982502788912,,,,,
234,,,,,,-0.04443484052251656,0.07681329096602985,0.017946924161816202,,,,,
235,,,,,,0.2712962839378018,-0.08343283578011779,-0.22758253786685023,,,,,
236,,,,,,0.578880058996754,1.074936392405069,1.2208178836705517,,,,,
237,,,,,,-0.10649104417819433,0.038817556499716965,0.019870628263204404,,,,,
238,,,,,,-1.7084164680973668,1.1138158367640083,0.03465466524210581,,,,,
239,,,,,,0.9800058167322812,-0.04805698312682427,0.3304974285358292,,,,,
240,,,,,,-0.14541565657237543,-0.04623434487342021,0.1246933086898625,,,,,
241,,,,,,-1.578609720964677,0.5056793318654572,0.18554920157781385,,,,,
242,,,,,,0.35599621483085386,-0.030858805450889593,0.13323590266101548,,,,,
243,,,,,,-1.928266170819924,0.6573634202105428,0.3547114555827714,,,,,
244,,,,,,0.0746500029707956,0.30262385696290106,0.3673740880101609,,,,,
245,,,,,,-0.09879430701805902,0.4817352809621545,0.039144275993369004,,,,,
246,,,,,,-0.007445795747409667,0.7591044886166283,-0.06183691981398365,,,,,
247,,,,,,-0.119114002811051,0.31596805154678376,0.10290077009867665,,,,,
248,,,,,,0.007642680852623651,1.3887412383199715,0.0809840160054025,,,,,
249,,,,,,-0.002060077246085701,0.004576909878904578,1.09416657112862,,,,,
250,,,,,,-0.8043713804254343,0.22642151936195754,-0.2151686025255768,,,,,
251,,,,,,-0.4895763672825489,1.2973372355032935,2.466780153375561,,,,,
252,,,,,,-0.1091862710851852,0.23408848011168648,0.08880856486768685,,,,,
253,,,,,,-0.003803216329578696,0.39880498489673666,0.06971141647196655,,,,,
254,,,,,,0.3416723020487925,0.13897067333370017,0.025929293404064635,,,,,
255,,,,,,0.02461319788020977,-0.07184428610643434,0.42638151854408024,,,,,
256,,,,,,-0.3399288730152793,0.5591093447469225,-0.004980179468704993,,,,,
257,,,,,,0.3990459755855398,0.41326257772001274,-0.026342190033464497,,,,,
258,,,,,,0.7849506490935492,0.30963965172896046,1.1440059828908784,,,,,
259,,,,,,0.013777071276884878,-0.020406099609481032,0.10712325461261168,,,,,
260,,,,,,-0.16974130443825974,0.9948262438702575,0.024136230283565485,,,,,
261,,,,,,0.19602447626080532,1.686034881019954,0.2909212707636729,,,,,
262,,,,,,-0.24907065358518712,0.6172066646904267,0.04839382762863165,,,,,
263,,,,,,-0.08028897979200167,0.19489282078035686,0.06397440934205223,,,,,
264,,,,,,0.01966227650815111,-0.046448238477210135,0.03361016700212238,,,,,
265,,,,,,0.05808522449064979,0.0029964902689325057,0.04761759566049428,,,,,
266,,,,,,0.03400007270954575,-0.07950259231811596,0.04839150562822114,,,,,
267,,,,,,0.17771241262587711,-0.08722004248724913,0.008079486906904854,,,,,
268,,,,,,-0.3376510871778223,-0.14990060359289115,-0.12168127540632034,,,,,
269,,,,,,0.0532932277944933,0.0283070622903141,-0.0792772552735127,,,,,
270,,,,,,0.9628796111596414,0.2555828261636012,0.7849047416865095,,,,,
271,,,,,,-0.2734361226535657,1.1325999015931913,-0.017790454836601466,,,,,
272,,,,,,-0.009275454834310692,0.03273442824541761,0.25315642500131297,,,,,
273,,,,,,0.20547900024444488,0.4616134796502087,0.03920271805028169,,,,,
274,,,,,,-0.527776867420201,0.3690653984148897,-0.032524953018993275,,,,,
275,,,,,,0.0990662165929368,-0.009542735947260239,-0.007322279154359623,,,,,
276,,,,,,-0.0894893862814119,1.087757294395415,0.2758134128334907,,,,,
277,,,,,,0.2548238769094766,0.42436180104946863,-0.04861773549107273,,,,,
278,,,,,,0.000845050982006379,1.266557073824072,-0.056012376878887715,,,,,
279,,,,,,-0.22391635997335568,0.8570542772619943,-0.033889800828109884,,,,,
280,,,,,,-0.03280469161408339,0.7463742872584496,0.04563131799507891,,,,,
281,,,,,,-0.124435944726218,1.2820260057096786,-0.01210850812174058,,,,,
282,,,,,,0.03689901594342099,-0.01552266691338855,0.05726260526463256,,,,,
283,,,,,,1.9096594526764137,0.8194306726608445,-0.07767564905828828,,,,,
284,,,,,,-2.104465851489154,0.08382971960666241,0.04644458849469337,,,,,
285,,,,,,-0.07205514551001041,0.09275913441454287,-0.006205309537177239,,,,,
286,,,,,,-0.5162550172865809,0.7619709260740458,0.2095046771798721,,,,,
287,,,,,,0.010641381964782037,1.0139919770267647,0.06623112346311522,,,,,
288,,,,,,-0.14259917100606656,0.6184430831261818,0.43583005099801353,,,,,
289,,,,,,-0.06834266105837306,0.3617029443555136,0.364893927589402,,,,,
290,,,,,,-0.1875197323073301,1.435921266318086,0.05347628768436885,,,,,
291,,,,,,-0.03024904752165325,0.5237403514603516,-0.05505332971065613,,,,,
292,,,,,,-0.03197515968678699,1.574954243686724,0.0013953021014332379,,,,,
293,,,,,,0.5424632457104157,1.0156244659879177,0.03876827102695368,,,,,
294,,,,,,-0.9225571304719757,0.06271166369618719,0.4857437935268478,,,,,
295,,,,,,0.01852110124852302,1.4290806575206163,-0.002030330051562501,,,,,
296,,,,,,0.12067539666381077,0.07192083365383928,-0.20514514359539449,,,,,
297,,,,,,-0.7121651719682313,-0.004386218270468589,0.043045362970995926,,,,,
298,,,,,,-0.021618018081807633,0.10401827942208919,0.018218446917517728,,,,,
299,,,,,,-0.221457277879736,0.12140163789404479,1.0688292425472379,,,,,
300,,,,,,-0.007148728397049275,0.0760216420721751,0.5855441226092468,,,,,
